INSERT INTO ADDRESS VALUES (10000, 'CH', 'BS', '4051', 'Basel', 'Aeschenvorstadt', '12');
INSERT INTO ADDRESS VALUES (10001, 'CH', 'BS', '4057', 'Basel', 'Clarastrasse', '14');
INSERT INTO ADDRESS VALUES (10002, 'CH', 'ZH', '8001', 'Zürich', 'Bahnhofstrasse', '88');
INSERT INTO ADDRESS VALUES (10003, 'CH', 'BE', '3011', 'Bern', 'Kramgasse', '33');
INSERT INTO ADDRESS VALUES (10004, 'CH', 'AG', '5200', 'Brugg', 'Bahnhofstrasse', '7');
INSERT INTO ADDRESS VALUES (10005, 'CH', 'VS', '1950', 'Sion', 'Rue des Remparts', '4');
INSERT INTO ADDRESS VALUES (10006, 'CH', 'VS', '3930', 'Visp', 'Bahnhofstrasse', '11');
INSERT INTO ADDRESS VALUES (10007, 'CH', 'LU', '6003', 'Luzern', 'Hertensteinstrasse', '5');
INSERT INTO ADDRESS VALUES (10008, 'CH', 'TI', '6500', 'Bellinzona', 'Viale Stazione', '18');
INSERT INTO ADDRESS VALUES (10009, 'CH', 'GR', '7000', 'Chur', 'Poststrasse', '14');
INSERT INTO ADDRESS VALUES (10010, 'LI', NULL, '9490', 'Vaduz', 'Städtle', '17');
INSERT INTO ADDRESS VALUES (10011, 'CH', 'BS', '4051', 'Basel', 'Marktgasse', '18');
INSERT INTO ADDRESS VALUES (10012, 'CH', 'BS', '4051', 'Basel', 'Alpenstrasse', '22');
INSERT INTO ADDRESS VALUES (10013, 'CH', 'BE', '3011', 'Bern', 'Seestrasse', '6');
INSERT INTO ADDRESS VALUES (10014, 'CH', 'BS', '4051', 'Basel', 'Sonnenweg', '6');
INSERT INTO ADDRESS VALUES (10015, 'CH', 'BS', '4051', 'Basel', 'Industriestrasse', '20');
INSERT INTO ADDRESS VALUES (10016, 'CH', 'BS', '4051', 'Basel', 'Webergasse', '31');
INSERT INTO ADDRESS VALUES (10017, 'CH', 'TI', '6500', 'Bellinzona', 'Bahnhofstrasse', '16');
INSERT INTO ADDRESS VALUES (10018, 'CH', 'ZH', '8001', 'Zürich', 'Marktgasse', '4');
INSERT INTO ADDRESS VALUES (10019, 'CH', 'BE', '3011', 'Bern', 'Alpenstrasse', '7');
INSERT INTO ADDRESS VALUES (10020, 'CH', 'ZH', '8001', 'Zürich', 'Poststrasse', '23');
INSERT INTO ADDRESS VALUES (10021, 'CH', 'ZH', '8001', 'Zürich', 'Seestrasse', '14');
INSERT INTO ADDRESS VALUES (10022, 'CH', 'AG', '5200', 'Brugg', 'Poststrasse', '19');
INSERT INTO ADDRESS VALUES (10023, 'CH', 'GR', '7000', 'Chur', 'Bahnhofstrasse', '25');
INSERT INTO ADDRESS VALUES (10024, 'CH', 'AG', '5200', 'Brugg', 'Feldstrasse', '21');
INSERT INTO ADDRESS VALUES (10025, 'CH', 'VS', '1950', 'Sion', 'Zentralstrasse', '28');
INSERT INTO ADDRESS VALUES (10026, 'CH', 'VS', '1950', 'Sion', 'Feldstrasse', '21');
INSERT INTO ADDRESS VALUES (10027, 'CH', 'VS', '3930', 'Visp', 'Feldstrasse', '18');
INSERT INTO ADDRESS VALUES (10028, 'CH', 'VS', '3930', 'Visp', 'Feldstrasse', '19');
INSERT INTO ADDRESS VALUES (10029, 'CH', 'LU', '6003', 'Luzern', 'Wiesenweg', '12');
INSERT INTO ADDRESS VALUES (10030, 'CH', 'LU', '6003', 'Luzern', 'Webergasse', '5');
INSERT INTO ADDRESS VALUES (10031, 'CH', 'TI', '6500', 'Bellinzona', 'Industriestrasse', '22');
INSERT INTO ADDRESS VALUES (10032, 'CH', 'TI', '6500', 'Bellinzona', 'Wiesenweg', '29');
INSERT INTO ADDRESS VALUES (10033, 'CH', 'TI', '6500', 'Bellinzona', 'Poststrasse', '15');
INSERT INTO ADDRESS VALUES (10034, 'CH', 'GR', '7000', 'Chur', 'Zentralstrasse', '22');
INSERT INTO ADDRESS VALUES (10035, 'CH', 'GR', '7000', 'Chur', 'Industriestrasse', '6');
INSERT INTO ADDRESS VALUES (10036, 'CH', 'GR', '7000', 'Chur', 'Kirchweg', '17');
INSERT INTO ADDRESS VALUES (10037, 'CH', 'AG', '5200', 'Brugg', 'Poststrasse', '29');
INSERT INTO ADDRESS VALUES (10038, 'CH', 'LU', '6003', 'Luzern', 'Bahnhofstrasse', '23');
INSERT INTO ADDRESS VALUES (10039, 'LI', NULL, '9490', 'Vaduz', 'Sonnenweg', '9');
INSERT INTO ADDRESS VALUES (10040, 'CH', 'AG', '5000', 'Aarau', 'Zentralstrasse', '1');
INSERT INTO SHOP VALUES (10, 'Absolute Bikes', 10000, NULL);
INSERT INTO SHOP VALUES (11, 'Velorama Basel', 10001, NULL);
INSERT INTO SHOP VALUES (12, 'Cycle Zürich', 10002, NULL);
INSERT INTO SHOP VALUES (13, 'Bern Rollt', 10003, NULL);
INSERT INTO SHOP VALUES (14, 'Velo-Brugg', 10004, NULL);
INSERT INTO SHOP VALUES (15, 'Sion Cyclery', 10005, NULL);
INSERT INTO SHOP VALUES (16, 'Visp Velohaus', 10006, NULL);
INSERT INTO SHOP VALUES (17, 'Luzern Bikes', 10007, NULL);
INSERT INTO SHOP VALUES (18, 'Bellinzona BikePro', 10008, NULL);
INSERT INTO SHOP VALUES (19, 'Chur Riders', 10009, NULL);
INSERT INTO SHOP VALUES (20, 'Vaduz CyclePoint', 10010, NULL);
INSERT INTO EMPLOYEE VALUES (16051, 'Nole', DATE '2020-01-01', 'CEO', 1.0, 9000, 10040, NULL);
INSERT INTO EMPLOYEE VALUES (16001, 'Luca', DATE '2022-01-01', 'Filialleitung', 1.0, 6200, 10011, 16051);
INSERT INTO EMPLOYEE VALUES (16005, 'Lena', DATE '2022-01-01', 'Filialleitung', 1.0, 6200, 10014, 16051);
INSERT INTO EMPLOYEE VALUES (16013, 'Julia', DATE '2022-01-01', 'Filialleitung', 1.0, 6200, 10018, 16051);
INSERT INTO EMPLOYEE VALUES (16016, 'Leo', DATE '2022-01-01', 'Filialleitung', 1.0, 6200, 10020, 16051);
INSERT INTO EMPLOYEE VALUES (16020, 'Noah', DATE '2022-01-01', 'Filialleitung', 1.0, 6200, 10022, 16051);
INSERT INTO EMPLOYEE VALUES (16025, 'Ella', DATE '2022-01-01', 'Filialleitung', 1.0, 6200, 10025, 16051);
INSERT INTO EMPLOYEE VALUES (16030, 'Corinne', DATE '2022-02-01', 'Filialleitung', 1.0, 6200, 10028, 16051);
INSERT INTO EMPLOYEE VALUES (16032, 'Mia', DATE '2022-01-01', 'Filialleitung', 1.0, 6200, 10029, 16051);
INSERT INTO EMPLOYEE VALUES (16038, 'David', DATE '2022-06-01', 'Filialleitung', 1.0, 6200, 10032, 16051);
INSERT INTO EMPLOYEE VALUES (16042, 'Ben', DATE '2022-01-01', 'Filialleitung', 1.0, 6200, 10034, 16051);
INSERT INTO EMPLOYEE VALUES (16050, 'Felix', DATE '2022-05-01', 'Filialleitung', 1.0, 6200, 10039, 16051);
INSERT INTO EMPLOYEE VALUES (16000, 'Mia', DATE '2022-01-01', 'Mechanik', 0.8, 4800, 10011, 16001);
INSERT INTO EMPLOYEE VALUES (16002, 'Tim', DATE '2022-01-01', 'Beratung', 0.8, 5000, 10012, 16001);
INSERT INTO EMPLOYEE VALUES (16003, 'Sophie', null, 'Mechanik', 0.8, 4800, 10012, 16001);
INSERT INTO EMPLOYEE VALUES (16004, 'Jonas', DATE '2024-01-01', 'Beratung', 0.8, 5000, 10013, 16001);
INSERT INTO EMPLOYEE VALUES (16006, 'David', DATE '2022-01-01', 'Mechanik', 0.8, 4800, 10014, 16005);
INSERT INTO EMPLOYEE VALUES (16007, 'Emma', DATE '2022-07-01', 'Beratung', 0.8, 5000, 10015, 16005);
INSERT INTO EMPLOYEE VALUES (16008, 'Nico', DATE '2022-01-01', 'Mechanik', 0.8, 4800, 10015, 16005);
INSERT INTO EMPLOYEE VALUES (16009, 'Laura', DATE '2022-07-01', 'Beratung', 0.8, 5000, 10016, 16005);
INSERT INTO EMPLOYEE VALUES (16010, 'Ben', DATE '2022-01-01', 'Beratung', 0.8, 5000, 10017, 16013);
INSERT INTO EMPLOYEE VALUES (16011, 'Anna', DATE '2025-01-01', 'Mechanik', 0.8, 4800, 10017, 16013);
INSERT INTO EMPLOYEE VALUES (16012, 'Max', DATE '2023-01-01', 'Mechanik', 0.8, 4800, 10018, 16013);
INSERT INTO EMPLOYEE VALUES (16014, 'Fabio', DATE '2022-01-01', 'Beratung', 0.8, 5000, 10019, 16016);
INSERT INTO EMPLOYEE VALUES (16015, 'Nina', DATE '2022-07-01', 'Mechanik', 0.8, 4800, 10019, 16016);
INSERT INTO EMPLOYEE VALUES (16017, 'Clara', DATE '2023-01-01', 'Mechanik', 0.8, 4800, 10020, 16016);
INSERT INTO EMPLOYEE VALUES (16018, 'Felix', DATE '2022-01-01', 'Beratung', 0.8, 5000, 10021, 16020);
INSERT INTO EMPLOYEE VALUES (16019, 'Lea', DATE '2023-01-01', 'Mechanik', 0.8, 4800, 10021, 16020);
INSERT INTO EMPLOYEE VALUES (16021, 'Marie', DATE '2022-01-01', 'Mechanik', 0.8, 4800, 10022, 16020);
INSERT INTO EMPLOYEE VALUES (16022, 'Tom', DATE '2022-01-01', 'Beratung', 0.8, 5000, 10023, 16020);
INSERT INTO EMPLOYEE VALUES (16023, 'Sarah', DATE '2023-07-01', 'Praktikum', 0.8, 3800, 10024, 16025);
INSERT INTO EMPLOYEE VALUES (16024, 'Paul', DATE '2022-01-01', 'Mechanik', 0.8, 4800, 10024, 16025);
INSERT INTO EMPLOYEE VALUES (16026, 'Jan', DATE '2022-01-01', 'Beratung', 0.8, 5000, 10025, 16025);
INSERT INTO EMPLOYEE VALUES (16027, 'Yannick', DATE '2022-01-01', 'Beratung', 0.8, 5000, 10026, 16025);
INSERT INTO EMPLOYEE VALUES (16028, 'Melanie', DATE '2023-07-01', 'Beratung', 0.8, 5000, 10027, 16030);
INSERT INTO EMPLOYEE VALUES (16029, 'Pascal', DATE '2023-06-06', 'Beratung', 0.8, 5000, 10027, 16030);
INSERT INTO EMPLOYEE VALUES (16031, 'Silvan', DATE '2022-01-01', 'Mechanik', 0.8, 4800, 10028, 16030);
INSERT INTO EMPLOYEE VALUES (16033, 'Luca', DATE '2025-01-01', 'Beratung', 0.8, 5000, 10029, 16032);
INSERT INTO EMPLOYEE VALUES (16034, 'Tim', DATE '2022-01-01', 'Mechanik', 0.8, 4800, 10030, 16032);
INSERT INTO EMPLOYEE VALUES (16035, 'Sophie', DATE '2022-01-01', 'Beratung', 0.8, 5000, 10030, 16032);
INSERT INTO EMPLOYEE VALUES (16036, 'Jonas', DATE '2022-01-01', 'Beratung', 0.8, 5000, 10031, 16038);
INSERT INTO EMPLOYEE VALUES (16037, 'Lena', DATE '2024-01-01', 'Mechanik', 0.8, 4800, 10031, 16038);
INSERT INTO EMPLOYEE VALUES (16039, 'Emma', DATE '2024-03-01', 'Mechanik', 0.8, 4800, 10032, 16038);
INSERT INTO EMPLOYEE VALUES (16040, 'Nico', DATE '2022-01-01', 'Beratung', 0.8, 5000, 10033, 16038);
INSERT INTO EMPLOYEE VALUES (16041, 'Laura', DATE '2022-01-01', 'Mechanik', 0.8, 4800, 10034, 16042);
INSERT INTO EMPLOYEE VALUES (16043, 'Anna', DATE '2022-01-01', 'Beratung', 0.8, 5000, 10035, 16042);
INSERT INTO EMPLOYEE VALUES (16044, 'Max', DATE '2022-01-01', 'Beratung', 0.8, 5000, 10035, 16042);
INSERT INTO EMPLOYEE VALUES (16045, 'Julia', DATE '2024-01-01', 'Mechanik', 0.8, 4800, 10036, 16042);
INSERT INTO EMPLOYEE VALUES (16046, 'Fabio', DATE '2024-03-01', 'Mechanik', 0.8, 4800, 10037, 16050);
INSERT INTO EMPLOYEE VALUES (16047, 'Nina', DATE '2022-01-01', 'Beratung', 0.8, 5000, 10037, 16050);
INSERT INTO EMPLOYEE VALUES (16048, 'Leo', null, 'Praktikum', 0.8, 4000, 10038, 16050);
INSERT INTO EMPLOYEE VALUES (16049, 'Clara', DATE '2024-01-01', 'Mechanik', 0.8, 4800, 10038, 16050);
UPDATE SHOP SET MANAGER = 16001 WHERE ID = 10;
UPDATE SHOP SET MANAGER = 16005 WHERE ID = 11;
UPDATE SHOP SET MANAGER = 16013 WHERE ID = 12;
UPDATE SHOP SET MANAGER = 16016 WHERE ID = 13;
UPDATE SHOP SET MANAGER = 16020 WHERE ID = 14;
UPDATE SHOP SET MANAGER = 16025 WHERE ID = 15;
UPDATE SHOP SET MANAGER = 16030 WHERE ID = 16;
UPDATE SHOP SET MANAGER = 16032 WHERE ID = 17;
UPDATE SHOP SET MANAGER = 16038 WHERE ID = 18;
UPDATE SHOP SET MANAGER = 16042 WHERE ID = 19;
UPDATE SHOP SET MANAGER = 16050 WHERE ID = 20;
INSERT INTO SHOP_EMPLOYEE_WORKS VALUES (10, 16000);
INSERT INTO SHOP_EMPLOYEE_WORKS VALUES (10, 16001);
INSERT INTO SHOP_EMPLOYEE_WORKS VALUES (10, 16002);
INSERT INTO SHOP_EMPLOYEE_WORKS VALUES (10, 16003);
INSERT INTO SHOP_EMPLOYEE_WORKS VALUES (10, 16004);
INSERT INTO SHOP_EMPLOYEE_WORKS VALUES (11, 16005);
INSERT INTO SHOP_EMPLOYEE_WORKS VALUES (11, 16006);
INSERT INTO SHOP_EMPLOYEE_WORKS VALUES (11, 16007);
INSERT INTO SHOP_EMPLOYEE_WORKS VALUES (11, 16008);
INSERT INTO SHOP_EMPLOYEE_WORKS VALUES (11, 16009);
INSERT INTO SHOP_EMPLOYEE_WORKS VALUES (12, 16010);
INSERT INTO SHOP_EMPLOYEE_WORKS VALUES (12, 16011);
INSERT INTO SHOP_EMPLOYEE_WORKS VALUES (12, 16012);
INSERT INTO SHOP_EMPLOYEE_WORKS VALUES (12, 16013);
INSERT INTO SHOP_EMPLOYEE_WORKS VALUES (13, 16014);
INSERT INTO SHOP_EMPLOYEE_WORKS VALUES (13, 16015);
INSERT INTO SHOP_EMPLOYEE_WORKS VALUES (13, 16016);
INSERT INTO SHOP_EMPLOYEE_WORKS VALUES (13, 16017);
INSERT INTO SHOP_EMPLOYEE_WORKS VALUES (14, 16018);
INSERT INTO SHOP_EMPLOYEE_WORKS VALUES (14, 16019);
INSERT INTO SHOP_EMPLOYEE_WORKS VALUES (14, 16020);
INSERT INTO SHOP_EMPLOYEE_WORKS VALUES (14, 16021);
INSERT INTO SHOP_EMPLOYEE_WORKS VALUES (14, 16022);
INSERT INTO SHOP_EMPLOYEE_WORKS VALUES (15, 16023);
INSERT INTO SHOP_EMPLOYEE_WORKS VALUES (15, 16024);
INSERT INTO SHOP_EMPLOYEE_WORKS VALUES (15, 16025);
INSERT INTO SHOP_EMPLOYEE_WORKS VALUES (15, 16026);
INSERT INTO SHOP_EMPLOYEE_WORKS VALUES (15, 16027);
INSERT INTO SHOP_EMPLOYEE_WORKS VALUES (16, 16028);
INSERT INTO SHOP_EMPLOYEE_WORKS VALUES (16, 16029);
INSERT INTO SHOP_EMPLOYEE_WORKS VALUES (16, 16030);
INSERT INTO SHOP_EMPLOYEE_WORKS VALUES (16, 16031);
INSERT INTO SHOP_EMPLOYEE_WORKS VALUES (17, 16032);
INSERT INTO SHOP_EMPLOYEE_WORKS VALUES (17, 16033);
INSERT INTO SHOP_EMPLOYEE_WORKS VALUES (17, 16034);
INSERT INTO SHOP_EMPLOYEE_WORKS VALUES (17, 16035);
INSERT INTO SHOP_EMPLOYEE_WORKS VALUES (18, 16036);
INSERT INTO SHOP_EMPLOYEE_WORKS VALUES (18, 16037);
INSERT INTO SHOP_EMPLOYEE_WORKS VALUES (18, 16038);
INSERT INTO SHOP_EMPLOYEE_WORKS VALUES (18, 16039);
INSERT INTO SHOP_EMPLOYEE_WORKS VALUES (18, 16040);
INSERT INTO SHOP_EMPLOYEE_WORKS VALUES (19, 16041);
INSERT INTO SHOP_EMPLOYEE_WORKS VALUES (19, 16042);
INSERT INTO SHOP_EMPLOYEE_WORKS VALUES (19, 16043);
INSERT INTO SHOP_EMPLOYEE_WORKS VALUES (19, 16044);
INSERT INTO SHOP_EMPLOYEE_WORKS VALUES (19, 16045);
INSERT INTO SHOP_EMPLOYEE_WORKS VALUES (20, 16046);
INSERT INTO SHOP_EMPLOYEE_WORKS VALUES (20, 16047);
INSERT INTO SHOP_EMPLOYEE_WORKS VALUES (20, 16048);
INSERT INTO SHOP_EMPLOYEE_WORKS VALUES (20, 16049);
INSERT INTO SHOP_EMPLOYEE_WORKS VALUES (20, 16050);
INSERT INTO SHOP_EMPLOYEE_WORKS VALUES (11, 16040);
INSERT INTO SHOP_EMPLOYEE_WORKS VALUES (16, 16040);
INSERT INTO SHOP_EMPLOYEE_WORKS VALUES (10, 16040);
INSERT INTO SHOP_EMPLOYEE_WORKS VALUES (10, 16007);
INSERT INTO SHOP_EMPLOYEE_WORKS VALUES (12, 16007);
INSERT INTO SHOP_EMPLOYEE_WORKS VALUES (14, 16007);
INSERT INTO SHOP_EMPLOYEE_WORKS VALUES (14, 16001);
INSERT INTO SHOP_EMPLOYEE_WORKS VALUES (19, 16001);
INSERT INTO SHOP_EMPLOYEE_WORKS VALUES (11, 16001);
INSERT INTO SHOP_EMPLOYEE_WORKS VALUES (18, 16047);
INSERT INTO SHOP_EMPLOYEE_WORKS VALUES (13, 16047);
INSERT INTO SHOP_EMPLOYEE_WORKS VALUES (16, 16047);
INSERT INTO SHOP_EMPLOYEE_WORKS VALUES (14, 16017);
INSERT INTO SHOP_EMPLOYEE_WORKS VALUES (18, 16015);
INSERT INTO SHOP_EMPLOYEE_WORKS VALUES (20, 16014);
INSERT INTO SHOP_EMPLOYEE_WORKS VALUES (15, 16008);
INSERT INTO SHOP_EMPLOYEE_WORKS VALUES (10, 16006);
INSERT INTO SHOP_EMPLOYEE_WORKS VALUES (12, 16034);